{"K":[[1645,0,256.5],[0,1645,256.5],[0,0,1]],"R":[[1,0,0],[0,-0.9612617,0.2756374],[0,-0.2756374,-0.9612617]],"t":[-1.5,1.505598,5.633221],"minDepth":15.8224,"maxDepth":18.53699,"objects":[["blue","Cube","0,3870385",],["green","Sphere","0,5126632",],["red","Sphere","0,2096705",],["blue","Cube","0,3254995",],["green","Sphere","0,08935631",],["red","Sphere","0,4296406",],["blue","Cube","0,3003731",],["green","Sphere","0,410381",]]}