{"K":[[1645,0,256.5],[0,1645,256.5],[0,0,1]],"R":[[1,0,0],[0,-0.9612617,0.2756374],[0,-0.2756374,-0.9612617]],"t":[-1.5,1.505598,5.633221],"minDepth":15.92716,"maxDepth":18.37258,"objects":[["blue","Cube","0,4537424",],["green","Sphere","0,3073579",],["red","Sphere","0,132818",],["blue","Cube","0,1313891",],["green","Sphere","0,5698007",],["red","Sphere","0,3628909",],["blue","Cube","0,5515",],["green","Sphere","0,1567529",]]}