{"K":[[1645,0,256.5],[0,1645,256.5],[0,0,1]],"R":[[1,0,0],[0,-0.9612617,0.2756374],[0,-0.2756374,-0.9612617]],"t":[-1.5,1.505598,5.633221],"minDepth":17.13731,"maxDepth":18.87309,"objects":[["blue","Sphere","0,4738178",],["green","Sphere","0,449508",],["red","Sphere","0,1775893",],["blue","Cube","0,08202311",],["green","Cube","0,1570148",],["red","Sphere","0,6070657",],["blue","Sphere","0,2735017",],["green","Sphere","0,2721882",]]}