{"K":[[1645,0,256.5],[0,1645,256.5],[0,0,1]],"R":[[1,0,0],[0,-0.9612617,0.2756374],[0,-0.2756374,-0.9612617]],"t":[-1.5,1.505598,5.633221],"minDepth":15.7897,"maxDepth":18.71363,"objects":[["blue","Sphere","0,6065335",],["green","Sphere","0,08435805",],["red","Sphere","0,2648642",],["blue","Cube","0,1412231",],["green","Cube","0,1226709",],["red","Cube","0,2045679",],["blue","Sphere","0,1443624",],["green","Cube","0,1850059",]]}