{"K":[[1645,0,256.5],[0,1645,256.5],[0,0,1]],"R":[[1,0,0],[0,-0.9612617,0.2756374],[0,-0.2756374,-0.9612617]],"t":[-1.5,1.505598,5.633221],"minDepth":15.64623,"maxDepth":19.03408,"objects":[["blue","Sphere","0,104681",],["green","Sphere","0,468293",],["red","Cube","0,3048888",],["blue","Cube","0,6636382",],["green","Sphere","0,7645837",],["red","Cube","0,1265634",],["blue","Cube","0,1291871",],["green","Cube","0,3995619",]]}